episode_id,task,usable,v1_split,v2_development_participation,camera_screen_participation,dense_supervision_participation,trace_text_participation,schema_ablation_participation,final_refit_train,final_refit_validation,final_tier_b_test,documented_decision_influence,other_decision_influence,untouched_same_task,evidence_tier
00,16mm-cylinder-install,no,quarantined,none,none,none,none,none,no,no,no,none documented; quarantined,unknown; no exhaustive human decision log,not_eligible,quarantined
01,16mm-cylinder-install,yes,train,train,train,train,train,train,yes,no,no,V1/V2 model fitting; individual prompt/hyperparameter influence not logged,unknown; no exhaustive human decision log,no,development_exposed
02,16mm-cylinder-install,yes,test,none,diagnostic_test,diagnostic_test,diagnostic_test,diagnostic_test,no,no,no,V1 retrospective diagnostic inspection,unknown; no exhaustive human decision log,no,development_exposed
03,16mm-cylinder-install,yes,train,train,train,train,train,train,yes,no,no,V1/V2 model fitting; individual prompt/hyperparameter influence not logged,unknown; no exhaustive human decision log,no,development_exposed
04,16mm-cylinder-install,yes,train,train,train,train,train,train,yes,no,no,V1/V2 model fitting; individual prompt/hyperparameter influence not logged,unknown; no exhaustive human decision log,no,development_exposed
05,16mm-cylinder-install,yes,train,train,train,train,train,train,yes,no,no,V1/V2 model fitting; individual prompt/hyperparameter influence not logged,unknown; no exhaustive human decision log,no,development_exposed
06,16mm-cylinder-install,yes,train,train,train,train,train,train,yes,no,no,V1/V2 model fitting; individual prompt/hyperparameter influence not logged,unknown; no exhaustive human decision log,no,development_exposed
07,16mm-cylinder-install,yes,val,val,val,val,val,val,no,no,no,V1 validation; V2 camera/supervision/schema method-selection validation,unknown; no exhaustive human decision log,no,development_exposed
08,16mm-cylinder-install,yes,test,none,diagnostic_test,diagnostic_test,diagnostic_test,diagnostic_test,no,no,no,V1 retrospective diagnostic inspection,unknown; no exhaustive human decision log,no,development_exposed
09,16mm-cylinder-install,yes,val,val,val,val,val,val,no,no,no,V1 validation; V2 camera/supervision/schema method-selection validation,unknown; no exhaustive human decision log,no,development_exposed
10,16mm-cylinder-install,yes,train,train,train,train,train,train,yes,no,no,V1/V2 model fitting; individual prompt/hyperparameter influence not logged,unknown; no exhaustive human decision log,no,development_exposed
11,16mm-cylinder-install,yes,train,train,train,train,train,train,no,no,yes,V1/V2 model fitting; individual prompt/hyperparameter influence not logged,unknown; no exhaustive human decision log,no,internal_exposed_test
12,16mm-cylinder-install,yes,train,train,train,train,train,train,yes,no,no,V1/V2 model fitting; individual prompt/hyperparameter influence not logged,unknown; no exhaustive human decision log,no,development_exposed
13,16mm-cylinder-install,yes,train,train,train,train,train,train,yes,no,no,V1/V2 model fitting; individual prompt/hyperparameter influence not logged,unknown; no exhaustive human decision log,no,development_exposed
14,16mm-cylinder-install,yes,train,train,train,train,train,train,no,yes,no,V1/V2 model fitting; individual prompt/hyperparameter influence not logged,unknown; no exhaustive human decision log,no,development_exposed
15,16mm-cylinder-install,no,quarantined,none,none,none,none,none,no,no,no,none documented; quarantined,unknown; no exhaustive human decision log,not_eligible,quarantined
16,16mm-cylinder-install,no,quarantined,none,none,none,none,none,no,no,no,none documented; quarantined,unknown; no exhaustive human decision log,not_eligible,quarantined
17,16mm-cylinder-install,yes,val,val,val,val,val,val,no,no,no,V1 validation; V2 camera/supervision/schema method-selection validation,unknown; no exhaustive human decision log,no,development_exposed
18,16mm-cylinder-install,yes,test,none,diagnostic_test,diagnostic_test,diagnostic_test,diagnostic_test,no,no,no,V1 retrospective diagnostic inspection,unknown; no exhaustive human decision log,no,development_exposed
19,16mm-cylinder-install,yes,train,train,train,train,train,train,yes,no,no,V1/V2 model fitting; individual prompt/hyperparameter influence not logged,unknown; no exhaustive human decision log,no,development_exposed
20,16mm-cylinder-install,yes,test,none,diagnostic_test,diagnostic_test,diagnostic_test,diagnostic_test,no,no,no,V1 retrospective diagnostic inspection,unknown; no exhaustive human decision log,no,development_exposed
21,16mm-cylinder-install,yes,train,train,train,train,train,train,yes,no,no,V1/V2 model fitting; individual prompt/hyperparameter influence not logged,unknown; no exhaustive human decision log,no,development_exposed
22,16mm-cylinder-install,yes,train,train,train,train,train,train,yes,no,no,V1/V2 model fitting; individual prompt/hyperparameter influence not logged,unknown; no exhaustive human decision log,no,development_exposed
23,16mm-cylinder-install,yes,train,train,train,train,train,train,no,no,yes,V1/V2 model fitting; individual prompt/hyperparameter influence not logged,unknown; no exhaustive human decision log,no,internal_exposed_test
24,16mm-cylinder-install,yes,train,train,train,train,train,train,yes,no,no,V1/V2 model fitting; individual prompt/hyperparameter influence not logged,unknown; no exhaustive human decision log,no,development_exposed
25,16mm-cylinder-install,yes,train,train,train,train,train,train,yes,no,no,V1/V2 model fitting; individual prompt/hyperparameter influence not logged,unknown; no exhaustive human decision log,no,development_exposed
26,16mm-cylinder-install,no,quarantined,none,none,none,none,none,no,no,no,none documented; quarantined,unknown; no exhaustive human decision log,not_eligible,quarantined
27,16mm-cylinder-install,yes,train,train,train,train,train,train,no,yes,no,V1/V2 model fitting; individual prompt/hyperparameter influence not logged,unknown; no exhaustive human decision log,no,development_exposed
28,16mm-cylinder-install,yes,train,train,train,train,train,train,yes,no,no,V1/V2 model fitting; individual prompt/hyperparameter influence not logged,unknown; no exhaustive human decision log,no,development_exposed
29,16mm-cylinder-install,yes,train,train,train,train,train,train,no,no,yes,V1/V2 model fitting; individual prompt/hyperparameter influence not logged,unknown; no exhaustive human decision log,no,internal_exposed_test
30,16mm-cylinder-install,yes,train,train,train,train,train,train,yes,no,no,V1/V2 model fitting; individual prompt/hyperparameter influence not logged,unknown; no exhaustive human decision log,no,development_exposed
31,16mm-cylinder-install,yes,train,train,train,train,train,train,yes,no,no,V1/V2 model fitting; individual prompt/hyperparameter influence not logged,unknown; no exhaustive human decision log,no,development_exposed
32,16mm-cylinder-install,yes,train,train,train,train,train,train,yes,no,no,V1/V2 model fitting; individual prompt/hyperparameter influence not logged,unknown; no exhaustive human decision log,no,development_exposed
33,16mm-cylinder-install,yes,train,train,train,train,train,train,no,no,yes,V1/V2 model fitting; individual prompt/hyperparameter influence not logged,unknown; no exhaustive human decision log,no,internal_exposed_test
34,16mm-cylinder-install,no,quarantined,none,none,none,none,none,no,no,no,none documented; quarantined,unknown; no exhaustive human decision log,not_eligible,quarantined
35,16mm-cylinder-install,yes,train,train,train,train,train,train,no,yes,no,V1/V2 model fitting; individual prompt/hyperparameter influence not logged,unknown; no exhaustive human decision log,no,development_exposed
36,16mm-cylinder-install,yes,train,train,train,train,train,train,no,yes,no,V1/V2 model fitting; individual prompt/hyperparameter influence not logged,unknown; no exhaustive human decision log,no,development_exposed
37,16mm-cylinder-install,no,quarantined,none,none,none,none,none,no,no,no,none documented; quarantined,unknown; no exhaustive human decision log,not_eligible,quarantined
38,16mm-cylinder-install,no,quarantined,none,none,none,none,none,no,no,no,none documented; quarantined,unknown; no exhaustive human decision log,not_eligible,quarantined
39,16mm-cylinder-install,yes,train,train,train,train,train,train,yes,no,no,V1/V2 model fitting; individual prompt/hyperparameter influence not logged,unknown; no exhaustive human decision log,no,development_exposed
40,16mm-cylinder-install,yes,train,train,train,train,train,train,yes,no,no,V1/V2 model fitting; individual prompt/hyperparameter influence not logged,unknown; no exhaustive human decision log,no,development_exposed
41,16mm-cylinder-install,yes,val,val,val,val,val,val,no,no,no,V1 validation; V2 camera/supervision/schema method-selection validation,unknown; no exhaustive human decision log,no,development_exposed
42,16mm-cylinder-install,yes,train,train,train,train,train,train,yes,no,no,V1/V2 model fitting; individual prompt/hyperparameter influence not logged,unknown; no exhaustive human decision log,no,development_exposed
43,16mm-cylinder-install,yes,train,train,train,train,train,train,yes,no,no,V1/V2 model fitting; individual prompt/hyperparameter influence not logged,unknown; no exhaustive human decision log,no,development_exposed
44,16mm-cylinder-install,yes,train,train,train,train,train,train,yes,no,no,V1/V2 model fitting; individual prompt/hyperparameter influence not logged,unknown; no exhaustive human decision log,no,development_exposed
45,16mm-cylinder-install,yes,train,train,train,train,train,train,yes,no,no,V1/V2 model fitting; individual prompt/hyperparameter influence not logged,unknown; no exhaustive human decision log,no,development_exposed
46,16mm-cylinder-install,yes,train,train,train,train,train,train,no,yes,no,V1/V2 model fitting; individual prompt/hyperparameter influence not logged,unknown; no exhaustive human decision log,no,development_exposed
47,16mm-cylinder-install,yes,test,none,diagnostic_test,diagnostic_test,diagnostic_test,diagnostic_test,no,no,no,V1 retrospective diagnostic inspection,unknown; no exhaustive human decision log,no,development_exposed
48,16mm-cylinder-install,yes,train,train,train,train,train,train,yes,no,no,V1/V2 model fitting; individual prompt/hyperparameter influence not logged,unknown; no exhaustive human decision log,no,development_exposed
49,16mm-cylinder-install,yes,train,train,train,train,train,train,yes,no,no,V1/V2 model fitting; individual prompt/hyperparameter influence not logged,unknown; no exhaustive human decision log,no,development_exposed
50,16mm-cylinder-install,yes,val,val,val,val,val,val,no,no,no,V1 validation; V2 camera/supervision/schema method-selection validation,unknown; no exhaustive human decision log,no,development_exposed
51,16mm-cylinder-install,yes,train,train,train,train,train,train,no,no,yes,V1/V2 model fitting; individual prompt/hyperparameter influence not logged,unknown; no exhaustive human decision log,no,internal_exposed_test
52,16mm-cylinder-install,yes,train,train,train,train,train,train,yes,no,no,V1/V2 model fitting; individual prompt/hyperparameter influence not logged,unknown; no exhaustive human decision log,no,development_exposed
53,16mm-cylinder-install,yes,train,train,train,train,train,train,yes,no,no,V1/V2 model fitting; individual prompt/hyperparameter influence not logged,unknown; no exhaustive human decision log,no,development_exposed
54,16mm-cylinder-install,yes,test,none,diagnostic_test,diagnostic_test,diagnostic_test,diagnostic_test,no,no,no,V1 retrospective diagnostic inspection,unknown; no exhaustive human decision log,no,development_exposed
55,16mm-cylinder-install,yes,train,train,train,train,train,train,yes,no,no,V1/V2 model fitting; individual prompt/hyperparameter influence not logged,unknown; no exhaustive human decision log,no,development_exposed
56,16mm-cylinder-install,yes,train,train,train,train,train,train,yes,no,no,V1/V2 model fitting; individual prompt/hyperparameter influence not logged,unknown; no exhaustive human decision log,no,development_exposed
57,16mm-cylinder-install,yes,train,train,train,train,train,train,yes,no,no,V1/V2 model fitting; individual prompt/hyperparameter influence not logged,unknown; no exhaustive human decision log,no,development_exposed
58,16mm-cylinder-install,yes,train,train,train,train,train,train,no,no,yes,V1/V2 model fitting; individual prompt/hyperparameter influence not logged,unknown; no exhaustive human decision log,no,internal_exposed_test
59,16mm-cylinder-install,yes,train,train,train,train,train,train,yes,no,no,V1/V2 model fitting; individual prompt/hyperparameter influence not logged,unknown; no exhaustive human decision log,no,development_exposed
